,rmse,mae,r2
LinearRegression,2.6632044095367426,2.137934203554767,0.961660233221199
Ridge,2.6633273255896595,2.1378341950268513,0.9616566941150484
RandomForest,2.164243025051078,1.5282553012057702,0.9746806520334856
GradientBoosting,2.1113574039882206,1.5578696921257995,0.9759029446409809
